,act_id,label,start_time,end_time,duration,location,mode,travel_time,car_avail
0,1.0,dawn,0,12.091111111111111,12.091111111111111,"(46.6149, 6.50523)",driving,0.32555555555555554,1.0
1,4.0,shopping (car),12.416666666666664,14.416666666666664,2.0,"(46.5032, 6.4116)",driving,0,1.0
2,2.0,work (car),14.416666666666664,18.791944444444443,4.375277777777779,"(46.5032, 6.4116)",driving,0.3080555555555556,1.0
3,1.0,dusk (t),19.1,24.0,4.899999999999999,"(46.6149, 6.50523)",transit,0,1.0
