,act_id,label,start_time,end_time,duration,location,mode,travel_time,car_avail
0,1,dusk @ 0 (driving),12.000000000000558,24.0,11.999999999999442,"(46.6131, 6.50688)",driving,0,1.0
1,0,dawn @ 0 (walking),0,11.999999999999996,11.999999999999996,"(46.6131, 6.50688)",walking,0,1.0
