,act_id,label,start_time,end_time,duration,location,mode,travel_time,car_avail
0,1,dusk @ 0 (walking),11.999999999999998,24.0,12.000000000000002,"(46.6131, 6.50688)",walking,0,1.0
1,0,dawn @ 0 (transit),0,11.999999999999998,11.999999999999998,"(46.6131, 6.50688)",transit,0,1.0
