,act_id,label,start_time,end_time,duration,location,mode,travel_time,car_avail
0,1.0,dawn,0,13.53333333333333,13.53333333333333,"(46.5356, 6.60019)",driving,0,1.0
1,1.0,home,13.533333333333331,19.499444444444443,5.966111111111113,"(46.5356, 6.60019)",driving,0.0002777777777777778,1.0
2,8.0,leisure,19.49972222222222,20.49972222222222,1.0,"(46.5355, 6.59967)",driving,0.0002777777777777778,1.0
3,1.0,dusk,20.5,24.0,3.5,"(46.5356, 6.60019)",driving,0,1.0
