,act_id,label,start_time,end_time,duration,location,mode,travel_time,car_avail
0,1.0,dawn,0,9.533055555555556,9.533055555555556,"(46.5356, 6.60019)",driving,0.0002777777777777778,1.0
1,2.0,work1,9.533333333333331,13.5,3.9666666666666694,"(46.5355, 6.59967)",driving,0.0002777777777777778,1.0
2,1.0,dusk,13.50027777777778,24.0,10.49972222222222,"(46.5356, 6.60019)",driving,0,1.0
