,act_id,label,start_time,end_time,duration,location,mode,travel_time,car_avail
0,1.0,dawn (t),0,6.050833333333337,6.050833333333337,"(46.6149, 6.50523)",transit,0.07277777777777776,1.0
1,8.0,leisure (car),6.123611111111115,7.123611111111115,0.9999999999999996,"(46.6131, 6.50688)",driving,0.3174999999999999,1.0
2,5.0,errands_services (car),9.75,13.03194444444445,3.2819444444444508,"(46.6142, 6.50723)",driving,0.009166666666666667,1.0
3,4.0,shopping (car),7.441111111111109,9.441111111111109,2.0,"(46.5032, 6.4116)",driving,0.3088888888888889,1.0
4,9.0,escort (car),13.041111111111118,14.04111111111111,0.9999999999999928,"(46.6131, 6.50688)",driving,0.3175,1.0
5,2.0,work (car),14.358611111111113,18.77527777777778,4.416666666666666,"(46.5032, 6.4116)",driving,0.3080555555555556,1.0
6,1.0,dusk,19.083333333333332,24.0,4.916666666666668,"(46.6149, 6.50523)",driving,0,1.0
