,act_id,label,start_time,end_time,duration,location,mode,travel_time,car_avail
0,1.0,dawn (t),0,7.927222222222184,7.927222222222184,"(46.6149, 6.50523)",transit,0.07277777777777776,1.0
1,8.0,leisure (car),8.0,9.0,1.0,"(46.6131, 6.50688)",driving,0.016666666666666666,1.0
2,5.0,errands_services (car),9.016666666666666,10.016666666666666,1.0000000000000009,"(46.6142, 6.50723)",driving,0.30416666666666664,1.0
3,4.0,shopping (car),10.320833333333333,14.375277777777784,4.054444444444451,"(46.5032, 6.4116)",driving,0,1.0
4,2.0,work (car),14.375277777777782,18.791944444444447,4.416666666666666,"(46.5032, 6.4116)",driving,0.3080555555555556,1.0
5,1.0,dusk (t),19.1,24.0,4.899999999999999,"(46.6149, 6.50523)",transit,0,1.0
