,act_id,label,start_time,end_time,duration,location,mode,travel_time,car_avail
0,1.0,dawn,0,7.959444444444446,7.959444444444446,"(46.6149, 6.50523)",driving,0.04055555555555555,1.0
1,8.0,leisure (car),8.0,9.733333333333334,1.7333333333333334,"(46.6131, 6.50688)",driving,0.016666666666666666,1.0
2,5.0,errands_services (car),9.75,11.673333333333334,1.9233333333333333,"(46.6142, 6.50723)",driving,0.009166666666666667,1.0
3,4.0,shopping (car),13.0,14.37527777777778,1.37527777777778,"(46.5032, 6.4116)",driving,0,1.0
4,9.0,escort (car),11.682500000000001,12.6825,0.999999999999998,"(46.6131, 6.50688)",driving,0.3175,1.0
5,2.0,work (car),14.375277777777782,18.791944444444447,4.416666666666666,"(46.5032, 6.4116)",driving,0.3080555555555556,1.0
6,1.0,dusk (t),19.1,24.0,4.899999999999999,"(46.6149, 6.50523)",transit,0,1.0
