,act_id,label,start_time,end_time,duration,location,mode,travel_time,car_avail
0,1.0,dawn (b),0,9.711111111111112,9.711111111111112,"(46.6149, 6.50523)",bicycling,0.03888888888888889,1.0
1,5.0,errands_services (car),9.75,11.695833333333333,1.9458333333333333,"(46.6142, 6.50723)",driving,0.30416666666666664,1.0
2,4.0,shopping (car),12.0,14.358611111111108,2.358611111111108,"(46.5032, 6.4116)",driving,0,1.0
3,2.0,work (car),14.358611111111108,18.775277777777774,4.416666666666666,"(46.5032, 6.4116)",driving,0.3080555555555556,1.0
4,1.0,dusk,19.08333333333333,24.0,4.916666666666671,"(46.6149, 6.50523)",driving,0,1.0
