,act_id,label,start_time,end_time,duration,location,mode,travel_time,car_avail
0,1.0,dawn,0,15.199722222222224,15.199722222222224,"(46.5356, 6.60019)",driving,0.0002777777777777778,1.0
1,2.0,work2,15.2,20.0,4.800000000000002,"(46.5355, 6.59967)",driving,0.0002777777777777778,1.0
2,1.0,dusk,20.000277777777782,24.0,3.9997222222222177,"(46.5356, 6.60019)",driving,0,1.0
