,act_id,label,start_time,end_time,duration,location,mode,travel_time,car_avail
0,1.0,dawn,0,9.5,9.5,"(46.5356, 6.60019)",driving,0,1.0
1,1.0,home,9.5,11.999722222222221,2.4997222222222213,"(46.5356, 6.60019)",driving,0.0002777777777777778,1.0
2,2.0,work2,15.0,19.8,4.800000000000001,"(46.5355, 6.59967)",driving,0.0002777777777777778,1.0
3,8.0,leisure,12.0,15.0,3.0,"(46.5355, 6.59967)",driving,0,1.0
4,1.0,dusk,19.800277777777776,24.0,4.199722222222224,"(46.5356, 6.60019)",driving,0,1.0
