,act_id,label,start_time,end_time,duration,location,mode,travel_time,car_avail
0,1,dusk @ 0 (driving),18.1564613653392,24.0,5.843538634660799,"(46.6131, 6.50688)",driving,0,1.0
1,2,escort @ 0 (walking),9.338690355288994,15.752505873077302,6.413815517788308,"(46.6131, 6.50688)",walking,0.6379602617951784,1.0
2,3,home @ 2 (driving),16.39046613487248,17.90875619617909,1.5182900613066113,"(46.6149, 6.50523)",driving,0.247705169160105,1.0
3,0,dawn @ 0 (transit),0,9.338690355288994,9.338690355288994,"(46.6131, 6.50688)",transit,0,1.0
