,act_id,label,start_time,end_time,duration,location,mode,travel_time,car_avail
0,1,dusk @ 0 (walking),19.14169225870512,24.0,4.85830774129488,"(46.6131, 6.50688)",walking,0,1.0
1,2,escort @ 0 (transit),9.338690355288994,15.7525058730773,6.413815517788306,"(46.6131, 6.50688)",transit,0.14148121646771397,1.0
2,3,home @ 2 (driving),15.893987089545014,18.893987089545014,3.0,"(46.6149, 6.50523)",driving,0.247705169160105,1.0
3,0,dawn @ 0 (transit),0,9.338690355288993,9.338690355288993,"(46.6131, 6.50688)",transit,0,1.0
