,act_id,label,start_time,end_time,duration,location,mode,travel_time,car_avail
0,1,dusk @ 0 (walking),18.558957870178645,24.0,5.441042129821355,"(46.6131, 6.50688)",walking,0,1.0
1,3,home @ 2 (walking),16.728881326082238,18.24717138738885,1.5182900613066108,"(46.6149, 6.50523)",walking,0.3117864827897988,1.0
2,4,education @ 1 (transit),12.43667829612668,16.0,3.5633217038733207,"(46.5032, 6.4116)",transit,0.7288813260822365,1.0
3,0,dawn @ 0 (bicycling),0,12.308205848364974,12.308205848364974,"(46.6131, 6.50688)",bicycling,0.12847244776169872,1.0
