,act_id,label,start_time,end_time,duration,location,mode,travel_time,car_avail
0,1,dusk @ 0 (walking),16.0,24.0,8.0,"(46.6131, 6.50688)",walking,0,1.0
1,3,home @ 2 (walking),14.169923455903593,15.688213517210205,1.5182900613066108,"(46.6149, 6.50523)",walking,0.3117864827897988,1.0
2,4,education @ 1 (bicycling),12.0,13.969635286059686,1.969635286059686,"(46.5032, 6.4116)",bicycling,0.2002881698439061,1.0
3,0,dawn @ 0 (bicycling),0,11.871527552238302,11.871527552238302,"(46.6131, 6.50688)",bicycling,0.12847244776169872,1.0
