,act_id,label,start_time,end_time,duration,location,mode,travel_time,car_avail
0,1,dusk @ 0 (bicycling),16.0,24.0,8.0,"(46.6131, 6.50688)",bicycling,0,1.0
1,3,home @ 2 (walking),14.169923455903593,15.688213517210205,1.5182900613066108,"(46.6149, 6.50523)",walking,0.3117864827897988,1.0
2,4,education @ 1 (bicycling),12.436678296126678,13.969635286059686,1.5329569899330093,"(46.5032, 6.4116)",bicycling,0.2002881698439061,1.0
3,0,dawn @ 0 (transit),0,11.852582894786597,11.852582894786597,"(46.6131, 6.50688)",transit,0.5840954013400812,1.0
