,act_id,label,start_time,end_time,duration,location,mode,travel_time,car_avail
0,1,dusk @ 0 (driving),15.752505873077295,24.0,8.247494126922705,"(46.6131, 6.50688)",driving,0,1.0
1,2,escort @ 0 (driving),9.338690355288994,15.752505873077297,6.413815517788303,"(46.6131, 6.50688)",driving,0,1.0
2,0,dawn @ 0 (driving),0,9.338690355288994,9.338690355288994,"(46.6131, 6.50688)",driving,0,1.0
