,act_id,label,start_time,end_time,duration,location,mode,travel_time,car_avail
0,1,dusk @ 0 (transit),18.218146406414082,24.0,5.781853593585918,"(46.6131, 6.50688)",transit,0,1.0
1,2,escort @ 0 (transit),9.338690355288994,15.7525058730773,6.413815517788306,"(46.6131, 6.50688)",transit,0.5439818196075955,1.0
2,3,home @ 2 (bicycling),16.296487692684895,17.814777753991507,1.5182900613066113,"(46.6149, 6.50523)",bicycling,0.40336865242257225,1.0
3,0,dawn @ 0 (transit),0,9.338690355289,9.338690355289,"(46.6131, 6.50688)",transit,0,1.0
